합주실 이름,가격(시간당),기타 정보,네이버 지도,수용 인원 (오피셜),예약 방식,위치,장비,후기(요약)
뉴잭사운드,"₩15,000","악기대여 O, 주차 O",https://naver.me/FrKTKaR4,,"네이버톡톡, 전화, 카카오톡","성남, 야탑","AMPEG BA112, Mapex MERIDIAN, Marshall AVT100X, VOX AD100VT, YAMAHA MOTIF7, YAMAHA MOX8","- 푹신한 소파 있음
- 드럼 의자 높이 조절 어려움"
엠플사운드 A1 room,"₩25,000","악기대여 O, 주차 O",https://naver.me/5HSktW5b,10,사이트 예약,"서울, 역삼","410 cabinet, Black star HT STAGE100, Markbass mark3, Marshall DSK 100H, Pearl session studio classic, YAMAHA MOTIF7, YAMAHA S90XS","- [공통] 대여악기 상태가 괜찮음(에피폰 아이바)
- [공통] 기타스탠드가 케이블타이로 묶여있어서 좀 불안함
- [공통] 사장님 상주해 계셔서 도움 받기 좋음"
엠플사운드 A2 room,"₩25,000","악기대여 O, 주차 O",https://naver.me/5HSktW5b,10,사이트 예약,"서울, 역삼","Ashdown RM800, Black star HT STAGE100, Marshall JCM2000 TSL, Pearl Reference","- [공통] 대여악기 상태가 괜찮음(에피폰 아이바)
- [공통] 기타스탠드가 케이블타이로 묶여있어서 좀 불안함
- [공통] 사장님 상주해 계셔서 도움 받기 좋음"
엠플사운드 B1 room,"₩23,000","악기대여 O, 주차 O",https://naver.me/5HSktW5b,7,사이트 예약,"서울, 역삼","HARTKE HA4000, Marshall JCM2000 DSL, Orange crush pro 120, ROLAND Fantom X7, ROLAND RD700SX, TAMA Superstar Hyperdrive","- [공통] 대여악기 상태가 괜찮음(에피폰 아이바)
- [공통] 기타스탠드가 케이블타이로 묶여있어서 좀 불안함
- [공통] 사장님 상주해 계셔서 도움 받기 좋음"
엠플사운드 B2 room,"₩23,000","악기대여 O, 주차 O",https://naver.me/5HSktW5b,7,사이트 예약,"서울, 역삼","Ampeg PF-800, Black star HT STAGE100, GRETSCH Renown, KORG TR76, Marshall MG 100H, ROLAND RD-700NX","- [공통] 대여악기 상태가 괜찮음(에피폰 아이바)
- [공통] 기타스탠드가 케이블타이로 묶여있어서 좀 불안함
- [공통] 사장님 상주해 계셔서 도움 받기 좋음"
엠플사운드 C room,"₩18,000","악기대여 O, 주차 O",https://naver.me/5HSktW5b,5,사이트 예약,"서울, 역삼","Black star Club60, Kurzweil SP4-8, Markbass CMD201P, Marshall MG 100H, YAMAHA Oak Custom","- 좁아서 투기타라면 합주하기 힘들 듯
- [공통] 대여악기 상태가 괜찮음(에피폰 아이바)
- [공통] 기타스탠드가 케이블타이로 묶여있어서 좀 불안함
- [공통] 사장님 상주해 계셔서 도움 받기 좋음
"
고니뮤직랩,"₩19,900","악기대여 X, 주차 O, 할인 O (사용시간/날짜)",https://naver.me/5ncFtdwa,,"전화, 카카오톡","성남, 야탑","Fender Champion100, Markbass CMB 121P, Pearl Masters, YAMAHA CP4 STAGE, YAMAHA MOTIF ES6, YAMAHA THR 100H, Yamaha THRC212","- 대중교통 이용하면 역에서 버스 타고 가야하는 게 좀 불편
- 차로 지하주차장 이동 시 주의 필요. 공기질 매우 안 좋음
- 드럼 크래시 놋그릇 소리, 슬리퍼 흐물흐물해서 킥 치기 힘듦
- 55잭 넉넉하지 않음"
유앤미 뮤직앤미디어 스튜디오 A,"₩30,000","악기대여 O, 주차 O",https://naver.me/x60XvL5L,12,"네이버 예약, 전화","성남, 야탑","ASHDOWN EB LITE, Fender Mustang Combo, KORG TRITON, Kurzweil PC2X, Orange Crush Combo, YAMAHA Stage Custom","- 마샬(카본파이버? 콤보)앰프가 상태 안좋음. 볼륨이 12시 넘으면 찌그러지기 시작
- 넓어서 편함
-  [공통] 사장님이 믹서에 PA 못꽂게함
-  [공통] 대여악기 상태 매우안좋음"
유앤미 뮤직앤미디어 스튜디오 B,"₩20,000","악기대여 O, 주차 O",https://naver.me/x60XvL5L,7,"네이버 예약, 전화","성남, 야탑","Hartke HD50, Marshall MG101CFX, YAMAHA MODX8, YAMAHA Stage Custom","- 엄청좁음
- 곧 죽을거같은 리턴 안되는 마샬 콤보앰프와 자체 노이즈를 뿜어내는 펜더 프로파일링앰프. 샌드리턴 따위 없으니 바이패스 프리셋 찾아서 써야함
- [공통] 사장님이 믹서에 PA 못꽂게함
-  [공통] 대여악기 상태 매우안좋음"
텐마일즈 합주실,"₩18,000","악기대여 O, 주차 X",https://naver.me/GVWuN0KS,,전화,"서울, 양재","Black star Studio, Fender Rumble 500, Fender TwinReverb, Marshall JCM2000 DSL, YAMAHA Oak Custom, YAMAHA S90ES","- 마샬 펜더 블랙스타 앰프 종류별로 3개가 있는 대호감 합주실
- 인디밴드가 실제 사용하는 합주실이라 관리도 깔끔함
- 맥주 반입 가능
- 스네어 호감"
그루브합주실 사당점 A룸,"₩22,000","악기대여 O, 주차 X",https://naver.me/FT0qLlvj,15,사이트 예약,"사당, 서울","Ampeg SVT810E, Hartke LH500 head, Orange super crush 100Head, PPC412AD 캐비넷, TAMA Starclassic, YAMAHA MOTIF XF7, YAMAHA MOXF8, YAMAHA S90ES, crush pro 412캐비넷","- 공간 넓음
- 앱프가 드럼 쪽에 붙어 있어서 소리로는 공간적 메리트 없음
- 스플래시/차이나 심벌 있음
- 드럼 의자 스크류
- [환경] 붙박이 에어컨 / 내부 화장실 깔끔"
그루브합주실 사당점 B룸,"₩20,000","악기대여 O, 주차 X",https://naver.me/FT0qLlvj,13,사이트 예약,"사당, 서울","Ampeg SVT810E, DIXON FUSE, Hartke LH500 head, Orange super crush 100Head, PPC412AD 캐비넷, YAMAHA MOTIF XF7, YAMAHA MOXF8, YAMAHA S90ES, crush pro 412캐비넷","- 공간 넓음
- 앱프가 드럼 쪽에 붙어 있어서 소리로는 공간적 메리트 없음
- [환경] 붙박이 에어컨 / 내부 화장실 깔끔"
그루브합주실 사당점 C룸,"₩17,000","악기대여 O, 주차 X",https://naver.me/FT0qLlvj,8,사이트 예약,"사당, 서울","Ampeg SVT610E, DIXON FUSE, Orange OB1-500 head, Orange crush pro 120, YAMAHA MOTIF XS7, YAMAHA S90XS, crush pro 412캐비넷","- C룸도 충분히 크고 A/B랑 장비도 동일
- [환경] 붙박이 에어컨 / 내부 화장실 깔끔"
그루브합주실 사당점 D룸,"₩15,000","악기대여 O, 주차 X",https://naver.me/FT0qLlvj,6,사이트 예약,"사당, 서울","Behringer BB410캐비넷, DIXON FUSE, Orange OB1-500 head, Orange crush pro 120, YAMAHA MOTIF ES7, YAMAHA S90XS, crush pro 412캐비넷","- 5인까진 무리 없이 가능
- [환경] 붙박이 에어컨 / 내부 화장실 깔끔"
그루브합주실 방배점 1번방,"₩17,000","악기대여 O, 주차 X",https://naver.me/xrP6nv4n,8,사이트 예약,"방배, 서울","Ampeg SVT610E, GRETSCH Renown, Laney R500H head, Orange super crush 100Head, PPC412AD 캐비넷, YAMAHA MOTIF ES7, YAMAHA S90XS, crush pro 412캐비넷",- [공통] 대여악기 상태 안좋음. 녹이 너무 많이 슬었음
그루브합주실 방배점 2번방,"₩17,000","악기대여 O, 주차 X",https://naver.me/xrP6nv4n,8,사이트 예약,"방배, 서울","Ampeg SVT610E, GRETSCH Renown, Laney R500H head, Orange super crush 100Head, PPC412AD 캐비넷, YAMAHA MOTIF ES7, YAMAHA S90ES, crush pro 412캐비넷",- [공통] 대여악기 상태 안좋음. 녹이 너무 많이 슬었음
그루브합주실 방배점 3번방,"₩15,000","악기대여 O, 주차 X",https://naver.me/xrP6nv4n,6,사이트 예약,"방배, 서울","Behringer BB410캐비넷, DIXON FUSE, Laney R500H head, Orange super crush 100Head, PPC412AD 캐비넷, YAMAHA MOTIF ES7, YAMAHA S90XS, crush pro 412캐비넷",- [공통] 대여악기 상태 안좋음. 녹이 너무 많이 슬었음
그루브합주실 방배점 4번방,"₩14,000","악기대여 O, 주차 X",https://naver.me/xrP6nv4n,5,사이트 예약,"방배, 서울","Behringer BB410캐비넷, DIXON FUSE, Laney R500H head, Orange super crush 100Head, YAMAHA MOTIF ES7, YAMAHA MOXF8, crush pro 412캐비넷",- [공통] 대여악기 상태 안좋음. 녹이 너무 많이 슬었음
그루브합주실 방배점 5번방,"₩14,000","악기대여 O, 주차 X",https://naver.me/xrP6nv4n,5,사이트 예약,"방배, 서울","Behringer BB410캐비넷, Behringer BX4500H Head, DIXON FUSE, Orange super crush 100Head, YAMAHA MOTIF ES7, YAMAHA MOXF8, crush pro 412캐비넷",- [공통] 대여악기 상태 안좋음. 녹이 너무 많이 슬었음
윤악당 대합주실,"₩25,000","악기대여 O, 주차 X",https://naver.me/xrPMC0wr,20,"네이버 예약, 사이트 예약","서울, 양재","Ampeg BA300-210, Laney 410A 캐비넷, Laney GH100L, Marshall MG100DFX, Pearl Reference, YAMAHA MODX8","- 정체를 알수없는 LANEY 앰프(노브 글씨 지워져서 써먹을수가없음)
- 소리 다 뭉개지는 죽기직전 마샬앰프
- 역에서 2~3블럭 떨어져있고 합주실 넓은게 유일한 장점"
윤악당 소합주실,"₩13,000","악기대여 O, 주차 X",https://naver.me/xrPMC0wr,4,"네이버 예약, 사이트 예약","서울, 양재","Ampeg BA108, Marshall Valvestate VS65R, Revers9 T903",
아지트합주실 R룸,"₩24,000","악기대여 O, 주차 O",https://naver.me/54VOJBkb,15,"네이버 예약, 전화","서울, 잠실","Ampeg SVT4 PRO, Marshall DSL 100H, Orange Dark Terror, TAMA Superstar, YAMAHA MOTIF7, YAMAHA S90XS","- [공통] 대여악기 좋고 다양
- [공통] 고양이 있음
- 방 넓고 사운드 잘 맞음"
아지트합주실 S룸,"₩21,000","악기대여 O, 주차 O",https://naver.me/54VOJBkb,12,"네이버 예약, 전화","서울, 잠실","Hartke HA3500, Marshall DSL 100H, Orange Dark Terror, Premier, YAMAHA MOTIF7, YAMAHA S90ES","- [공통] 대여악기 좋고 다양
- [공통] 고양이 있음
- 6명 내외가 적당한 사이즈"
아지트합주실 A룸,"₩18,000","악기대여 O, 주차 O",https://naver.me/54VOJBkb,6,"네이버 예약, 전화","서울, 잠실","Ampeg PF350, Kurzweil PC2X, Marshall DSL 100H, Orange Dark Terror, Premier","- [공통] 대여악기 좋고 다양
- [공통] 고양이 있음
- 현악기 앰프들이 다닥다닥 붙어있어 2기타 체재인 경우 좁음 (5명 이내 추천)"
아지트합주실 B룸,"₩16,000","악기대여 O, 주차 O",https://naver.me/54VOJBkb,5,"네이버 예약, 전화","서울, 잠실","Fender Rumble 100, Kurzweil PC2X, Marshall MG101CFX, Premier","- [공통] 대여악기 좋고 다양
- [공통] 고양이 있음
- 4명 넘어가면 추천하지 않음"
Azi Studio,"₩15,000","악기대여 O, 주차 O",https://naver.me/GpJxHBw7,,"전화, 카카오톡","성남, 정자","Ampeg Micro VR Stack, Fender Champion 40, GRETSCH Catalina, Orange Crush 35, YAMAHA MOXF8","- 조금 좁지만 깔끔함
- 케이블 상태가 조금 안좋음
- 다른 악기 소리가 작아 드럼 강제로 작게 쳐야 함"
107밴드센터,"₩30,000","악기대여 X, 주차 O",https://naver.me/FfAbmjHp,,"네이버 예약, 전화","성남, 정자","Fender Hot Rod Deluxe4, KORG TRITON Pro, Markbass CMD121, Marshall DSL40CR, Pearl Professional, YAMAHA S90ES","- 넓고 모니터링 잘되어있는, 비싸지만 비싼값 하는 합주실
- 가격에 비해 다소 아쉬운 현악기 앰프 스펙
- 로비 휴게 공간에 넓은 테이블과 의자가 있어 쉬기 좋음"
사운딕트 A룸,"₩20,000","악기대여 O, 주차 X, 할인 O (사용시간/날짜)",https://naver.me/xLWqyPVi,,네이버 예약,"서울, 이수","Ampeg BA-210 v2, DIXON SOAR PLUS, Marshall DSL 100H, Marshall DSL 100HR, Nord electro 4D, YAMAHA S90ES","- 엄청좁음
- 마샬 2개 다 리턴안됨
- 모니터링 잘 안됨"
사운딕트 B룸,"₩19,000","악기대여 O, 주차 X, 할인 O (사용시간/날짜)",https://naver.me/xLWqyPVi,,네이버 예약,"서울, 이수","Ampeg BA-210 v2, DIXON, Orange super crush 100Head, YAMAHA MM8, YAMAHA MODX7",C타입으로 스마트폰 녹음 가능
사운딕트 C룸,"₩18,000","악기대여 O, 주차 X, 할인 O (사용시간/날짜)",https://naver.me/xLWqyPVi,,네이버 예약,"서울, 이수","Ampeg BA-115 v2, DIXON SOAR PLUS, Fender Tone Master Deluxe Reverb, ROLAND Jazz Chorus 40, YAMAHA MODX6, YAMAHA S90ES",
비쥬합주실 1호점 블랙룸,"₩22,000","악기대여 X, 주차 X",https://naver.me/5X9pd3WG,15,네이버 예약,"서울, 이수","Ampeg SVT4 PRO, Ampeg SVT810E, Mapex Mars, Marshall 1960A Classic, Marshall JCM2000 TSL, YAMAHA MOTIF XS7, YAMAHA S90XS","- 좀 오래되고 지하라서 꿉꿉할수있음
- 케이블 및 앰프 접촉부가 안좋음"
비쥬합주실 3호점 Claaic룸,"₩26,000","악기대여 X, 주차 O",https://naver.me/FiE0OY6A,,네이버 예약,"서울, 이수","Markbass Little Mark, Markbass Standard 104HR, Marshall 1960A Classic, Marshall JCM2000 TSL, Pearl Vision, YAMAHA MOTIF ES7, YAMAHA S90XS",그랜드 피아노 있음
엘뮤직 합주실,"₩15,000","악기대여 O, 주차 X",https://naver.me/FiLEKPvH,10,네이버 예약,"수원, 인계","1960 LEAD, Ampeg SVT4 PRO, DW PDP, Fender '65 Twin Reverb, Marshall JCM2000 DSL, SVT410HLF, YAMAHA S90XS, Zildjian K custom","- 엄청 넓음
- 드럼 킥 페달 고정 잘 안 됨
- 베이스 앰프 잡음 심함"
비케이 합주실 Room 1,"₩23,000","악기대여 O, 주차 X",https://naver.me/5zlBQxEJ,,사이트 예약,"서울, 잠실","Ampeg SVT4 PRO, Ampeg SVT810E, DW Collector, Marshall 1960, Marshall JCM2000 TSL, Nord electro 5D, YAMAHA S90ES","- 넓고 밝고 쾌적함
- 2인 정도 사이즈의 푹신한 소파 있음
- Nord Electro, 마샬 스택앰프 두 대 등 장비 준수함"
비케이 합주실 Room 2,"₩21,000","악기대여 O, 주차 X",https://naver.me/5zlBQxEJ,,네이버 예약,"서울, 잠실","Ampeg SVT3 PRO, Ampeg SVT810E, Marshall 1960, Marshall JCM2000 DSL, Marshall JCM2000 TSL, TAMA Starclassic Performer, YAMAHA MODX6, YAMAHA MODX8","- 넓고 밝고 쾌적함
- 2인 사이즈 정도의 푹신한 소파 있음
- 모두 스택 앰프로 구성, 2 키보드 등 장비 준수함"
그라운드 합주실 합정 1호점 S룸,"₩21,000","악기대여 O, 주차 X",https://naver.me/GjRtRpqE,,"네이버 예약, 사이트 예약","서울, 합정","EBS TD650 Head, Mapex Saturn, Marshall 1960A Classic, Marshall DSL 100H, Marshall JCM2000 TSL, Neoline Pro 410 Cabinet, YAMAHA MOTIF XF7, YAMAHA S90ES","보컬 모니터링 스피커 * 2, 드럼 모니터링 스피커 * 1
마이크 8개
넓고 사운드밸런스 좋고 음료반입 가능"
스페이스 개러지 L룸,"₩20,000","악기대여 O, 주차 X",https://naver.me/5GhTyutm,15,네이버 예약,"서울, 흑석","Kurzweil PC3X, Markbass Little Mark, Marshall JCM2000 DSL, Mesaboogie Dual Rectifier, Peavey Classic, TAMA Swingstar, YAMAHA MOXF8","- 절대 존엄 메사부기 듀얼 렉티파이어, 그 외 장비가 전반적으로 준수. 모든 기타앰프 마이킹
- 방 엄청 넓음, 오피셜 수용인원 15명인데 충분히 수용가능하며 깨끗하고 쾌적함
- 묘하게 힙한 인테리어와 조도 낮은 전구색 조명을 켤 수 있어서 감성 폴폴 챙길 수 있음
- 대여악기 상태 준수
- 30분 단위 예약 가능"
리엠뮤직합주실 잠실석촌점,"₩22,000","악기대여 X, 주차 X",https://naver.me/GMWLKmtF,20,스페이스클라우드,"서울, 석촌","Ampeg SVT810E, Marshall DSL 100H, Pearl Masters, YAMAHA MOTIF XF8, YAMAHA S90XS","- 넓음
- 조도가 낮아 어두움
- 간판 하나 없어서 찾기가 힘듦. 웬 문 닫은 교회 건물 지하에 있는데, 합주실 입구에도 팜플렛 하나 없어 ‘여기가 맞나…’하고 들어가야 함
- 반사음을 제대로 잡지 못한 방음 시공탓에 베이스가 벙벙 울림
- 민원 들어와서 경찰 출동한 적도 있다고 함"
비쥬합주실 1호점 화이트룸,"₩17,000","악기대여 X, 주차 X",https://naver.me/5X9pd3WG,6,네이버 예약,"서울, 이수","Ampeg SVT4 PRO, Ampeg SVT810E, Marshall ATV 100, Marshall JCM2000 DSL, Pearl Vision, YAMAHA MOTIF ES6, YAMAHA S90XS","- 좀 오래되고 지하라서 꿉꿉할수있음
- 케이블 및 앰프 접촉부가 안좋음"
비쥬합주실 3호점 Modern룸,"₩25,000","악기대여 X, 주차 O",https://naver.me/FiE0OY6A,,네이버 예약,"서울, 이수","LUDWIG, Markbass Little Mark, Markbass Standard 104HR, Marshall 1960A Classic, Marshall JCM2000 TSL, YAMAHA MOTIF ES7, YAMAHA S90XS",
비쥬합주실 3호점 Jazz룸,"₩25,000","악기대여 X, 주차 O",https://naver.me/FiE0OY6A,,네이버 예약,"서울, 이수","Markbass Little Mark, Markbass Standard 104HR, Marshall 1960A Classic, Marshall JCM2000 TSL, Pearl Vision, YAMAHA MOTIF ES7, YAMAHA S90ES","- 방이 한쪽으로 길쭉한데 앰프방향은 짧은방향으로 되어있어 사운드를 맞추기 어렵고 선도 엄청꼬임.
- 야마하 업라이트 피아노 있음"
스페이스 개러지 R룸,"₩15,000","악기대여 O, 주차 X",https://naver.me/5GhTyutm,6,네이버 예약,"서울, 흑석","Ashdown EVO MAG300, Kurzweil SP4-8, Marshall JTM30, Sonor Smart Force, VOX AC15","- 대여악기 상태 준수
- 30분 단위 예약 가능
- 드럼용 모니터링 앰프 있음"
드림합주실 사당점 V룸,"₩25,000","악기대여 O, 주차 X",https://naver.me/FoEiYpD0,30,사이트 예약,"사당, 서울","Ampeg SVT4 PRO, Marshall JCM2000 DSL, Mesaboogie Triple Rectifier, Montage 88, Nord Stage3 88, Pearl Maple, YAMAHA MODX7+, YAMAHA MOTIF ES7","- 드럼 - 트윈페달, 차이나, 스플레쉬 심벌까지…. / 인이어 모니터 퍼스널 믹서 기본 제공 (이어폰은 필요)
- 모니터 장비 다 있고, 모니터 환경을 직접 조절할 수 있는 컨트롤 패드 제공
- 사장님 오지랖이 넓음. 종종 합주실에 있으실 때 합주 듣고 코멘트주시곤 하는데 한 귀로 흘려들어야 함"
드림합주실 사당점 S룸,"₩23,000","악기대여 O, 주차 X",https://naver.me/FoEiYpD0,25,사이트 예약,"사당, 서울","Ampeg V12, Marshall JCM2000 DSL, Montage 88, Pearl Maple, YAMAHA MODX7+, YAMAHA S90ES","- 드럼 - 트윈페달, 차이나, 스플레쉬 심벌까지…. / 인이어 모니터 퍼스널 믹서 기본 제공 (이어폰은 필요)
- 모니터 장비 다 있고, 모니터 환경을 직접 조절할 수 있는 컨트롤 패드 제공"
드림합주실 사당점 Q룸,"₩21,000","악기대여 O, 주차 X",https://naver.me/FoEiYpD0,18,사이트 예약,"사당, 서울","Ampeg Mark III, Marshall JCM2000 DSL, Montage 88, Pearl Maple, YAMAHA MOTIF XS7, YAMAHA S90XS","- 드럼 - 트윈페달, 차이나, 스플레쉬 심벌까지…. / 인이어 모니터 퍼스널 믹서 기본 제공 (이어폰은 필요)
- 모니터 장비 다 있고, 모니터 환경을 직접 조절할 수 있는 컨트롤 패드 제공"
드림합주실 사당점 C룸,"₩17,000","악기대여 O, 주차 X",https://naver.me/FoEiYpD0,10,사이트 예약,"사당, 서울","Ampeg V7, Marshall JCM2000 DSL, Pearl Vision, YAMAHA MOTIF ES7, YAMAHA MOTIF XS8, YAMAHA S90XS","- 드럼) 차이나, 스플래시 심벌 O
- 보컬 모니터 O
- 사장님 오지랖 이슈로, 종종 합주 피드백 주시면 흘려들어야 함"
드림합주실 사당점 D룸,"₩12,000","악기대여 O, 주차 X",https://naver.me/FoEiYpD0,5,사이트 예약,"사당, 서울","Markbass CMD201P, Marshall JCM2000 TSL, Pearl Vision, YAMAHA CP4 STAGE, YAMAHA MOTIF6","- 드럼) 스플래시 심벌 O
- 보컬 모니터 O"